Concurso;Data;bola 1;bola 2;bola 3;bola 4;bola 5;bola 6;bola 7;bola 8;bola 9;bola 10;bola 11;bola 12;bola 13;bola 14;bola 15
3575;30/12/2025;2;4;5;7;8;9;10;12;13;14;15;17;21;22;25
3574;29/12/2025;1;3;4;5;6;8;12;13;15;16;17;18;20;21;25
3573;27/12/2025;1;2;7;8;10;11;12;14;15;16;17;20;22;23;25
3572;26/12/2025;1;2;4;5;7;10;12;14;15;16;17;18;19;22;24
3571;24/12/2025;2;3;4;5;6;8;11;12;13;14;17;20;22;24;25
3570;23/12/2025;1;2;3;5;6;10;11;13;15;18;19;20;21;22;24
3569;22/12/2025;1;2;3;4;5;6;8;10;14;15;17;18;19;20;24
3568;20/12/2025;1;2;4;5;6;7;8;10;11;13;18;19;20;22;24
3567;19/12/2025;1;2;4;8;9;10;11;12;14;15;18;19;20;24;25
3566;18/12/2025;1;2;4;7;8;12;13;14;15;17;20;21;22;23;24
3565;17/12/2025;1;4;10;11;13;16;17;18;19;20;21;22;23;24;25
3564;16/12/2025;5;6;7;8;9;11;12;13;14;19;20;21;23;24;25
3563;15/12/2025;1;3;4;9;10;11;12;13;15;17;19;20;21;23;25
3562;13/12/2025;3;5;6;7;9;10;11;12;13;14;15;19;22;23;25
3561;12/12/2025;1;2;4;5;6;7;8;10;15;16;17;18;20;21;25
3560;11/12/2025;1;3;4;6;7;8;10;11;12;13;17;18;19;23;24
3559;10/12/2025;1;2;6;8;9;10;11;13;14;15;16;19;20;24;25
3558;09/12/2025;2;3;4;7;9;12;13;14;15;18;20;22;23;24;25
3557;08/12/2025;5;6;7;9;10;13;14;15;16;17;19;20;21;22;24
3556;06/12/2025;1;2;3;4;5;7;9;10;12;14;16;17;19;21;23
3555;05/12/2025;1;2;3;4;7;8;10;13;14;15;18;19;20;23;24
3554;04/12/2025;1;3;4;5;8;9;11;12;14;15;16;18;22;23;25
3553;03/12/2025;1;2;3;7;8;9;12;13;16;17;19;21;22;23;24
3552;02/12/2025;4;5;6;7;11;12;14;15;16;17;18;20;21;23;25
3551;01/12/2025;1;2;3;7;8;10;11;12;15;16;17;19;21;22;25
3550;29/11/2025;1;4;6;7;8;12;13;15;16;18;19;20;22;23;24
3549;28/11/2025;2;5;7;8;9;11;12;14;17;20;21;22;23;24;25
3548;27/11/2025;4;8;9;10;11;12;13;15;16;17;19;21;23;24;25
3547;26/11/2025;2;5;6;7;9;10;14;15;17;18;19;20;21;24;25
3546;25/11/2025;2;3;5;7;8;11;12;13;18;19;20;22;23;24;25
3545;24/11/2025;1;4;5;6;7;8;11;12;14;17;19;20;21;22;25
3544;22/11/2025;1;4;5;6;8;10;11;12;15;17;20;21;22;23;25
3543;21/11/2025;1;4;5;6;7;8;9;14;15;16;17;20;21;22;25
3542;19/11/2025;1;2;5;8;11;12;13;15;18;19;21;22;23;24;25
3541;18/11/2025;1;2;3;4;6;8;13;14;16;17;18;19;21;23;25
3540;17/11/2025;1;2;3;5;6;9;10;13;14;15;16;18;22;23;25
3539;14/11/2025;1;2;7;8;9;11;12;13;14;16;18;19;20;23;24
3538;13/11/2025;2;3;5;8;9;10;13;14;17;19;20;21;22;24;25
3537;12/11/2025;1;2;3;4;7;9;10;12;15;19;20;21;22;24;25
3536;11/11/2025;1;3;4;6;7;8;9;10;11;15;16;17;18;22;24
3535;10/11/2025;2;3;6;7;8;9;11;13;18;19;20;21;22;24;25
3534;08/11/2025;1;3;7;9;11;12;13;14;15;16;17;19;20;21;22
3533;07/11/2025;1;3;5;6;8;11;12;13;14;15;19;20;22;23;25
3532;06/11/2025;2;3;4;5;6;7;8;10;11;12;14;15;17;23;25
3531;05/11/2025;1;3;4;5;7;8;10;11;12;14;15;16;18;19;22
3530;04/11/2025;1;2;3;5;7;11;12;13;15;16;20;22;23;24;25
3529;03/11/2025;1;7;8;10;11;12;14;15;16;17;18;19;20;22;24
3528;01/11/2025;1;3;5;6;7;9;10;16;18;19;20;22;23;24;25
3527;31/10/2025;2;3;4;6;7;9;13;14;15;16;17;19;20;23;24
3526;30/10/2025;1;3;7;8;10;12;14;15;17;18;19;20;21;22;23
3525;29/10/2025;1;2;3;7;10;11;14;15;16;17;18;20;21;23;24
3524;28/10/2025;2;3;4;5;7;9;12;13;14;15;16;17;18;22;24
3523;27/10/2025;5;6;8;9;10;11;12;14;15;16;17;19;23;24;25
3522;25/10/2025;1;2;4;5;7;8;10;11;12;14;15;17;20;22;24
3521;24/10/2025;6;7;8;9;10;11;12;13;14;15;19;20;21;22;23
3520;23/10/2025;1;3;7;8;10;12;13;15;16;18;19;20;21;22;23
3519;22/10/2025;4;5;6;7;8;13;14;16;17;18;20;21;22;23;25
3518;21/10/2025;2;5;6;7;11;12;13;14;16;17;19;21;22;24;25
3517;20/10/2025;1;2;3;7;8;11;12;14;17;18;19;20;21;22;24
3516;18/10/2025;2;3;6;11;12;13;14;15;17;18;19;20;21;23;25
3515;17/10/2025;1;2;3;4;5;6;7;9;14;15;16;17;21;23;24
3514;16/10/2025;1;3;4;5;6;8;10;12;13;16;17;20;21;23;24
3513;15/10/2025;3;4;5;6;7;11;13;14;15;16;18;20;22;23;24
3512;14/10/2025;1;2;3;4;5;6;9;12;13;14;15;17;19;20;22
3511;13/10/2025;2;3;5;6;7;8;9;12;13;14;15;19;20;23;24
3510;11/10/2025;1;2;3;4;5;6;7;8;13;14;15;17;21;22;23
3509;10/10/2025;1;3;4;7;9;10;12;14;15;16;19;21;22;24;25
3508;09/10/2025;1;3;4;5;6;8;11;13;14;16;17;20;21;22;24
3507;08/10/2025;2;3;4;7;9;10;11;12;17;18;19;21;22;24;25
3506;07/10/2025;3;4;5;6;8;11;12;13;16;17;18;22;23;24;25
3505;06/10/2025;1;2;3;4;6;7;8;9;11;14;16;20;21;23;25
3504;04/10/2025;1;2;4;6;7;9;10;12;15;16;17;21;22;23;25
3503;03/10/2025;1;4;6;7;8;10;11;12;14;15;16;18;21;24;25
3502;02/10/2025;4;5;6;7;8;9;14;15;16;17;18;19;20;21;25
3501;01/10/2025;1;3;7;9;11;12;13;15;16;18;19;20;21;22;24
3500;30/09/2025;1;2;4;5;6;7;9;10;11;12;14;16;18;19;21
3499;29/09/2025;1;5;7;9;10;11;12;13;14;17;18;19;23;24;25
3498;27/09/2025;1;2;3;4;5;7;8;9;15;16;17;19;21;22;24
3497;26/09/2025;1;2;3;4;6;10;11;12;13;14;15;18;19;21;25
3496;25/09/2025;1;4;5;8;9;11;13;14;15;16;17;18;20;23;24
3495;24/09/2025;2;3;6;8;9;11;12;15;16;18;19;20;22;23;25
3494;23/09/2025;1;4;9;10;11;12;14;15;16;17;19;21;22;24;25
3493;22/09/2025;2;3;4;5;6;10;11;13;15;16;19;20;21;23;24
3492;20/09/2025;2;3;4;8;9;10;13;17;18;19;20;21;22;23;25
3491;19/09/2025;1;2;4;8;9;10;12;13;15;17;21;22;23;24;25
3490;18/09/2025;2;3;4;7;8;11;13;14;15;16;18;19;21;23;25
3489;17/09/2025;1;2;5;8;9;11;14;16;17;20;21;22;23;24;25
3488;16/09/2025;1;3;4;5;6;8;9;11;12;13;14;15;17;22;25
3487;15/09/2025;2;4;5;7;10;12;13;15;16;17;18;19;21;22;23
3486;13/09/2025;2;6;7;8;9;10;11;12;16;17;18;19;22;24;25
3485;12/09/2025;2;3;4;5;6;9;10;11;12;13;15;18;20;22;25
3484;11/09/2025;1;3;4;5;7;8;9;11;13;14;15;17;23;24;25
3483;10/09/2025;2;4;7;8;9;12;13;14;15;17;18;20;22;24;25
3482;09/09/2025;1;2;4;5;9;10;13;14;15;17;19;20;22;24;25
3481;08/09/2025;1;2;3;4;5;7;9;10;13;14;19;21;22;23;24
3480;06/09/2025;3;5;6;8;9;12;13;14;15;16;17;20;21;22;23
3479;26/08/2025;1;5;6;8;9;10;12;13;15;16;18;19;23;24;25
3478;25/08/2025;1;4;5;6;7;8;9;10;12;14;15;17;21;22;24
3477;23/08/2025;2;3;5;6;8;12;15;16;17;18;20;21;23;24;25
3476;22/08/2025;3;5;6;7;8;10;12;15;16;17;19;20;23;24;25
3475;21/08/2025;1;3;4;5;6;11;14;15;18;20;21;22;23;24;25
3474;20/08/2025;1;4;6;8;9;10;12;13;14;15;18;19;20;21;25
3473;19/08/2025;2;3;4;5;6;7;9;12;13;14;17;18;19;23;25
3472;18/08/2025;2;3;5;7;10;11;12;13;15;18;19;21;23;24;25
3471;16/08/2025;1;2;3;5;6;11;13;16;17;19;21;22;23;24;25
3470;15/08/2025;1;4;5;7;8;10;12;13;14;18;20;21;22;23;24
3469;14/08/2025;1;3;5;6;7;8;11;12;13;15;17;18;21;22;24
3468;13/08/2025;1;3;4;6;9;10;12;13;14;18;19;21;23;24;25
3467;12/08/2025;3;4;5;6;7;8;9;13;14;16;18;19;20;21;25
3466;11/08/2025;1;5;6;7;9;10;12;15;17;18;19;21;23;24;25
3465;09/08/2025;1;4;5;6;9;10;11;12;14;15;17;18;21;22;24
3464;08/08/2025;1;3;4;6;11;13;14;15;16;17;18;20;21;22;25
3463;07/08/2025;1;2;4;6;7;8;11;14;15;16;17;18;19;21;22
3462;06/08/2025;1;2;9;10;13;14;15;16;17;18;19;20;22;24;25
3461;05/08/2025;2;3;4;5;6;8;9;10;11;13;18;19;21;23;25
3460;04/08/2025;1;2;3;4;6;8;11;12;16;17;18;19;22;23;25
3459;02/08/2025;1;3;5;6;7;12;14;15;17;18;19;20;22;23;25
3458;01/08/2025;2;3;4;5;7;8;9;10;11;14;16;18;20;23;25
3457;31/07/2025;1;2;4;6;9;10;11;12;16;17;18;20;22;23;25
3456;30/07/2025;1;2;3;5;6;7;11;12;13;15;16;19;22;23;25
3455;29/07/2025;1;2;3;5;6;9;10;13;15;17;19;21;22;23;25
3454;28/07/2025;2;3;4;7;9;10;11;13;14;15;17;18;20;22;24
3453;26/07/2025;2;3;4;5;7;9;10;11;12;13;19;21;23;24;25
3452;25/07/2025;1;4;5;8;9;11;12;13;15;16;18;19;20;21;25
3451;24/07/2025;1;2;6;7;8;9;14;15;17;18;20;21;22;24;25
3450;23/07/2025;1;2;4;5;6;7;11;12;13;14;15;18;23;24;25
3449;22/07/2025;1;4;7;8;11;13;15;16;18;20;21;22;23;24;25
3448;21/07/2025;1;3;5;7;9;10;11;12;14;16;17;20;21;23;25
3447;19/07/2025;2;3;6;7;11;12;13;14;17;18;19;20;21;22;23
3446;18/07/2025;3;4;5;7;9;10;12;13;16;19;21;22;23;24;25
3445;17/07/2025;1;2;4;5;6;9;11;12;14;18;19;20;21;22;25
3444;16/07/2025;2;3;6;7;9;11;12;13;16;17;19;21;22;24;25
3443;15/07/2025;1;4;5;6;8;10;11;12;13;15;16;19;20;24;25
3442;14/07/2025;1;3;5;6;7;9;10;13;15;16;18;19;21;23;25
3441;12/07/2025;1;2;3;4;5;11;14;16;18;20;21;22;23;24;25
3440;11/07/2025;1;3;4;6;7;8;9;12;13;15;16;17;18;21;25
3439;10/07/2025;2;3;4;5;6;7;9;10;11;12;14;15;16;22;23
3438;09/07/2025;2;4;8;9;10;11;12;13;15;16;17;18;19;23;24
3437;08/07/2025;1;5;6;8;9;11;12;14;15;17;19;20;22;24;25
3436;07/07/2025;1;2;3;6;8;11;13;14;15;16;17;20;22;23;25
3435;05/07/2025;1;3;6;10;11;12;13;14;16;18;21;22;23;24;25
3434;04/07/2025;2;4;5;7;8;10;13;15;16;18;19;20;21;23;24
3433;03/07/2025;1;2;3;6;9;11;12;13;16;17;18;19;21;23;24
3432;02/07/2025;4;9;11;12;13;14;15;16;17;18;19;20;21;23;24
3431;01/07/2025;2;3;4;6;7;9;11;12;14;16;17;18;19;21;24
3430;30/06/2025;2;5;7;9;10;12;16;17;18;20;21;22;23;24;25
3429;28/06/2025;1;2;3;5;7;8;9;14;15;16;17;19;20;21;24
3428;27/06/2025;3;5;7;11;12;13;14;15;16;19;20;22;23;24;25
3427;26/06/2025;1;2;6;7;9;10;11;15;17;18;19;20;21;22;24
3426;25/06/2025;1;4;5;6;8;10;11;12;13;15;16;17;18;20;21
3425;24/06/2025;4;5;6;7;8;9;10;11;13;15;16;17;21;24;25
3424;23/06/2025;3;6;8;11;13;16;17;18;19;20;21;22;23;24;25
3423;21/06/2025;1;2;3;4;8;11;12;14;15;17;18;19;20;22;23
3422;20/06/2025;1;2;3;4;5;6;7;11;14;16;17;21;22;23;24
3421;18/06/2025;1;2;3;6;9;12;14;15;16;17;20;21;22;23;24
3420;17/06/2025;3;5;6;7;11;14;15;16;17;18;19;21;22;23;25
3419;16/06/2025;1;2;3;4;6;7;9;10;12;13;15;17;19;20;25
3418;14/06/2025;2;3;4;5;6;7;8;10;12;13;16;20;21;23;24
3417;13/06/2025;3;4;6;7;8;9;10;11;12;13;15;17;22;24;25
3416;12/06/2025;2;3;4;5;7;10;11;12;13;14;17;19;20;21;24
3415;11/06/2025;1;2;4;6;7;10;11;13;14;15;16;17;18;21;25
3414;10/06/2025;1;2;4;5;6;10;12;13;14;16;18;21;22;24;25
3413;09/06/2025;1;2;3;4;9;11;12;13;16;18;19;20;22;23;25
3412;07/06/2025;3;4;6;7;11;12;13;14;16;17;19;21;22;23;24
3411;06/06/2025;1;2;5;6;10;13;14;15;16;18;20;22;23;24;25
3410;05/06/2025;1;4;5;7;8;9;10;11;12;13;14;16;18;23;24
3409;04/06/2025;1;2;4;5;6;9;10;11;12;13;14;16;21;22;23
3408;03/06/2025;2;3;6;7;9;10;11;13;14;15;18;19;20;24;25
3407;02/06/2025;3;6;7;8;9;11;12;13;14;15;16;17;19;20;25
3406;31/05/2025;1;3;5;6;7;9;10;13;14;17;19;21;22;23;25
3405;30/05/2025;2;6;7;11;12;13;14;15;16;17;18;20;22;23;25
3404;29/05/2025;2;3;4;5;7;8;11;12;13;16;17;19;21;22;25
3403;28/05/2025;1;2;4;7;8;9;11;12;13;15;18;19;21;22;25
3402;27/05/2025;1;2;4;7;9;10;11;13;14;15;18;19;20;24;25
3401;26/05/2025;2;3;4;5;6;8;9;12;15;16;17;18;20;21;25
3400;24/05/2025;1;3;4;5;7;8;9;11;13;14;16;19;22;23;24
3399;23/05/2025;1;3;5;6;8;10;13;14;15;16;17;21;23;24;25
3398;22/05/2025;1;2;3;4;5;7;9;10;12;14;16;17;18;19;24
3397;21/05/2025;1;3;4;6;7;9;10;11;12;13;17;18;20;22;23
3396;20/05/2025;1;2;3;4;5;6;7;10;11;12;15;16;17;19;22
3395;19/05/2025;2;4;5;6;7;8;10;12;16;17;19;20;22;23;24
3394;17/05/2025;1;2;3;4;5;6;7;9;10;11;16;17;18;19;22
3393;16/05/2025;1;2;7;8;10;11;12;14;15;17;18;19;23;24;25
3392;15/05/2025;1;2;3;6;7;8;9;11;13;14;17;18;19;22;24
3391;14/05/2025;1;4;6;7;10;11;12;14;15;16;17;20;21;23;25
3390;13/05/2025;1;2;3;4;6;8;12;13;15;16;19;20;21;22;24
3389;12/05/2025;1;6;7;8;9;10;12;15;17;18;20;21;22;23;24
3388;10/05/2025;2;3;4;5;6;8;12;14;16;17;18;19;21;22;25
3387;09/05/2025;1;3;4;6;8;9;10;12;13;14;15;17;22;23;25
3386;08/05/2025;1;2;3;4;5;8;11;13;15;16;19;20;21;22;23
3385;07/05/2025;1;2;3;6;7;8;11;13;14;17;18;20;23;24;25
3384;06/05/2025;2;3;4;8;9;10;11;12;14;15;17;21;22;23;25
3383;05/05/2025;1;2;3;4;5;6;8;9;10;11;13;14;15;23;24
3382;03/05/2025;2;3;4;5;8;9;11;13;15;19;21;22;23;24;25
3381;02/05/2025;7;8;9;10;11;12;14;15;16;17;18;19;20;21;25
3380;30/04/2025;2;5;6;7;11;12;14;15;16;17;20;21;23;24;25
3379;29/04/2025;3;5;6;7;9;10;11;12;14;15;17;21;22;24;25
3378;28/04/2025;1;3;4;6;7;9;12;13;14;15;17;18;19;24;25
3377;26/04/2025;1;2;3;5;6;7;9;10;11;16;18;19;21;22;25
3376;25/04/2025;1;2;4;5;7;9;10;11;14;17;18;21;23;24;25
3375;24/04/2025;1;2;3;7;8;9;12;15;16;20;21;22;23;24;25
3374;23/04/2025;4;5;6;7;8;10;11;12;14;15;17;18;20;21;24
3373;22/04/2025;1;3;4;6;10;12;13;14;15;17;19;21;22;23;24
3372;19/04/2025;1;3;4;7;8;9;11;12;13;15;18;19;20;22;24
3371;17/04/2025;6;7;8;11;13;15;16;17;18;19;20;21;22;23;24
3370;16/04/2025;2;5;6;7;8;9;10;11;12;14;17;18;23;24;25
3369;15/04/2025;1;4;5;6;8;9;10;13;18;19;20;22;23;24;25
3368;14/04/2025;1;2;4;5;7;9;10;13;14;16;19;21;22;23;25
3367;12/04/2025;1;2;3;7;8;9;10;13;14;15;16;18;20;21;22
3366;11/04/2025;2;3;5;6;8;11;14;15;16;18;19;21;22;24;25
3365;10/04/2025;1;2;4;5;6;8;10;11;12;13;14;15;18;20;23
3364;09/04/2025;2;6;7;10;11;12;13;14;18;20;21;22;23;24;25
3363;08/04/2025;3;5;8;9;11;13;15;16;17;18;19;20;22;24;25
3362;07/04/2025;1;2;3;4;6;10;11;13;14;15;16;21;22;23;24
3361;05/04/2025;1;2;5;8;9;10;11;13;16;17;18;20;22;23;24
3360;04/04/2025;1;2;3;4;6;8;9;10;11;16;17;20;21;23;25
3359;03/04/2025;1;2;7;8;9;11;13;14;16;19;20;22;23;24;25
3358;02/04/2025;1;2;4;6;7;8;9;10;11;14;15;17;18;19;24
3357;01/04/2025;1;2;3;5;7;8;9;11;13;14;15;19;20;24;25
3356;31/03/2025;4;6;7;8;11;14;15;16;17;18;19;20;22;23;24
3355;29/03/2025;1;2;3;5;8;9;11;12;13;14;18;19;20;22;25
3354;28/03/2025;1;2;3;5;7;8;9;13;14;15;16;18;20;24;25
3353;27/03/2025;1;3;5;7;8;12;13;14;16;17;18;20;23;24;25
3352;26/03/2025;1;2;3;10;11;13;14;15;16;18;19;21;22;23;25
3351;25/03/2025;1;4;5;8;9;11;13;14;15;16;17;18;19;22;24
3350;24/03/2025;1;2;7;10;12;13;14;16;18;19;20;21;22;23;25
3349;22/03/2025;1;3;4;6;9;10;11;12;13;14;17;19;21;23;25
3348;21/03/2025;2;4;5;7;8;9;10;13;18;20;21;22;23;24;25
3347;20/03/2025;1;2;3;4;5;6;8;10;11;12;14;16;17;22;24
3346;19/03/2025;2;4;5;7;8;9;10;11;13;14;16;18;20;23;25
3345;18/03/2025;1;2;4;9;11;12;13;14;17;18;19;20;21;23;24
3344;17/03/2025;1;2;4;6;9;10;12;13;14;15;19;21;23;24;25
3343;15/03/2025;1;2;6;7;9;11;13;15;16;17;19;20;21;22;25
3342;14/03/2025;1;2;5;7;8;10;12;13;16;17;18;19;20;22;24
3341;13/03/2025;1;2;4;6;7;8;11;12;13;14;17;19;21;24;25
3340;12/03/2025;1;3;6;9;11;13;14;15;17;19;21;22;23;24;25
3339;11/03/2025;3;4;5;9;10;11;12;13;14;16;17;19;21;24;25
3338;10/03/2025;1;2;4;6;7;9;10;13;14;15;16;18;21;24;25
3337;08/03/2025;1;3;4;5;7;8;10;11;14;15;16;18;19;23;24
3336;07/03/2025;1;5;6;7;11;14;15;16;17;19;20;21;22;23;25
3335;06/03/2025;1;2;3;5;7;8;9;11;12;15;17;18;19;20;25
3334;05/03/2025;2;3;4;6;8;11;14;15;16;17;19;20;22;23;25
3333;01/03/2025;1;3;4;5;8;9;11;13;15;19;20;21;22;24;25
3332;28/02/2025;1;4;5;6;7;8;9;11;15;16;17;18;19;20;21
3331;27/02/2025;3;5;6;7;8;9;10;11;12;15;17;18;21;23;25
3330;26/02/2025;1;2;7;9;10;12;13;14;15;18;21;22;23;24;25
3329;25/02/2025;1;3;4;5;8;11;12;13;15;16;19;22;23;24;25
3328;24/02/2025;1;2;4;5;6;7;10;13;14;15;17;19;21;22;23
3327;22/02/2025;2;9;10;11;13;14;15;16;17;19;20;21;22;23;24
3326;21/02/2025;1;2;3;6;10;11;12;13;15;16;19;20;21;22;23
3325;20/02/2025;1;3;4;6;7;10;12;14;17;18;20;22;23;24;25
3324;19/02/2025;2;3;4;6;7;10;11;12;13;14;15;16;20;22;24
3323;18/02/2025;3;4;5;6;8;9;11;14;16;19;20;21;22;23;24
3322;17/02/2025;2;3;6;7;8;9;10;11;13;14;15;16;17;22;23
3321;15/02/2025;2;4;7;8;10;11;12;15;16;17;18;20;22;24;25
3320;14/02/2025;2;3;4;5;6;8;9;12;15;17;18;19;22;24;25
3319;13/02/2025;1;4;5;6;7;14;15;16;17;19;20;21;22;23;25
3318;12/02/2025;1;3;6;9;10;11;12;13;14;15;19;20;22;24;25
3317;11/02/2025;1;2;3;4;5;6;11;12;13;14;18;20;21;22;25
3316;10/02/2025;2;3;7;10;11;14;15;16;17;18;20;21;22;23;25
3315;08/02/2025;2;3;4;6;7;8;9;11;12;14;17;18;21;24;25
3314;07/02/2025;1;2;3;5;6;7;8;10;13;14;15;17;19;22;25
3313;06/02/2025;1;4;5;6;7;9;11;13;14;16;17;18;19;20;24
3312;05/02/2025;1;2;3;4;5;6;8;9;13;15;16;17;20;21;25
3311;04/02/2025;2;3;4;5;6;9;10;11;12;14;17;19;20;22;24
3310;03/02/2025;1;2;4;5;6;7;10;12;13;16;18;19;20;21;24
3309;01/02/2025;2;3;5;9;10;11;13;14;15;18;19;21;22;23;25
3308;31/01/2025;1;6;7;8;10;11;12;13;14;15;16;18;23;24;25
3307;30/01/2025;1;5;8;9;10;11;12;16;18;19;21;22;23;24;25
3306;29/01/2025;4;5;6;8;9;10;11;14;15;17;18;19;21;22;24
3305;28/01/2025;3;4;5;7;8;9;12;13;17;19;20;21;23;24;25
3304;27/01/2025;1;3;4;5;7;9;10;11;12;14;15;19;20;21;23
3303;25/01/2025;2;3;4;5;6;7;8;13;16;18;20;21;22;23;24
3302;24/01/2025;1;2;3;5;6;8;9;10;11;12;13;15;19;24;25
3301;23/01/2025;3;4;5;7;8;10;11;14;15;18;19;20;22;24;25
3300;22/01/2025;2;3;4;5;8;11;12;14;15;16;18;21;22;24;25
3299;21/01/2025;1;2;3;6;7;9;10;13;14;15;17;20;22;24;25
3298;20/01/2025;1;3;4;6;7;10;11;15;17;18;19;20;21;22;24
3297;18/01/2025;5;6;7;9;10;12;13;15;17;20;21;22;23;24;25
3296;17/01/2025;1;2;5;6;8;10;11;13;15;17;18;19;20;21;22
3295;16/01/2025;1;2;3;5;7;8;10;11;13;16;17;20;21;22;25
3294;15/01/2025;1;2;6;9;10;12;13;16;17;18;19;20;22;24;25
3293;14/01/2025;2;3;7;9;10;11;12;15;16;18;19;20;22;24;25
3292;13/01/2025;1;3;5;6;8;9;10;12;13;17;18;19;21;24;25
3291;11/01/2025;1;3;4;5;6;7;10;12;14;15;16;17;18;20;23
3290;10/01/2025;1;4;7;8;11;12;13;14;15;17;18;19;21;24;25
3289;09/01/2025;1;2;4;5;7;9;11;13;14;16;19;20;21;22;24
3288;08/01/2025;1;2;3;4;6;8;9;10;11;12;13;14;18;22;24
3287;07/01/2025;1;2;3;4;6;11;12;13;14;15;16;20;22;23;25
3286;06/01/2025;1;4;5;6;7;8;11;13;14;18;20;21;23;24;25
3285;04/01/2025;1;3;4;6;7;9;10;11;13;14;15;17;20;23;24
3284;03/01/2025;3;4;5;6;8;14;16;17;18;19;20;21;22;24;25
3283;02/01/2025;9;10;11;13;14;15;16;17;18;19;21;22;23;24;25
